long_url,short_url
https://frconor-ebook.github.io/meditations/homilies/a-christian-outlook-on-death/,https://tinyurl.com/frcmed-cod-transcript
https://frconor-ebook.github.io/meditations/homilies/a-cup-of-cold-water/,https://tinyurl.com/frcmed-acw-transcript
https://frconor-ebook.github.io/meditations/homilies/a-merciful-messiah/,https://tinyurl.com/frcmed-mmm-transcript
https://frconor-ebook.github.io/meditations/homilies/against-all-hope/,https://tinyurl.com/frcmed-aah-transcript
https://frconor-ebook.github.io/meditations/homilies/all-saints-day/,https://tinyurl.com/frcmed-asdfistoolon-transcript
https://frconor-ebook.github.io/meditations/homilies/all-souls/,https://tinyurl.com/frcmed-allsoul-transcript
https://frconor-ebook.github.io/meditations/homilies/anchored-in-hope/,https://tinyurl.com/frcmed-aih-transcript
https://frconor-ebook.github.io/meditations/homilies/ash-wednesday/,https://tinyurl.com/frcmed-ashwed-transcript
https://frconor-ebook.github.io/meditations/homilies/at-st-josephs-side/,https://tinyurl.com/frcmed-stjoe-transcript
https://frconor-ebook.github.io/meditations/homilies/aunt-carmen/,https://tinyurl.com/frcmed-ac-transcript
https://frconor-ebook.github.io/meditations/homilies/bartimaeus/,https://tinyurl.com/frcmed-bart-transcript
https://frconor-ebook.github.io/meditations/homilies/be-you-perfect/,https://tinyurl.com/frcmed-bye-transcript
https://frconor-ebook.github.io/meditations/homilies/begin-again-fight-the-fight/,https://tinyurl.com/frcmed-bgaftftf-transcript
https://frconor-ebook.github.io/meditations/homilies/beginning-again/,https://tinyurl.com/frcmed-ba-transcript
https://frconor-ebook.github.io/meditations/homilies/bent-over-woman/,https://tinyurl.com/frcmed-bow-transcript
https://frconor-ebook.github.io/meditations/homilies/birthday-of-the-prelate-don-fernando/,https://tinyurl.com/frcmed-bday-transcript
https://frconor-ebook.github.io/meditations/homilies/blessed-are-the-merciful/,https://tinyurl.com/frcmed-batm-transcript
https://frconor-ebook.github.io/meditations/homilies/blessed-guadalupe-ortiz-de-landázuri/,https://tinyurl.com/frcmed-bgo-transcript
https://frconor-ebook.github.io/meditations/homilies/blessed-álvaro-del-portillo/,https://tinyurl.com/frcmed-alvarodp-transcript
https://frconor-ebook.github.io/meditations/homilies/by-their-fruits-you-will-know-them/,https://tinyurl.com/frcmed-btfruits-transcript
https://frconor-ebook.github.io/meditations/homilies/chalice-possumus-we-can/,https://tinyurl.com/frcmed-wecan-transcript
https://frconor-ebook.github.io/meditations/homilies/charity/,https://tinyurl.com/frcmed-char-transcript
https://frconor-ebook.github.io/meditations/homilies/charity-and-the-tongue/,https://tinyurl.com/frcmed-cat-transcript
https://frconor-ebook.github.io/meditations/homilies/charity-versus-anger/,https://tinyurl.com/frcmed-cva-transcript
https://frconor-ebook.github.io/meditations/homilies/cheerfulness/,https://tinyurl.com/frcmed-cheer-transcript
https://frconor-ebook.github.io/meditations/homilies/children-a-gift-of-god/,https://tinyurl.com/frcmed-cog-transcript
https://frconor-ebook.github.io/meditations/homilies/christ-the-king/,https://tinyurl.com/frcmed-ctk-transcript
https://frconor-ebook.github.io/meditations/homilies/christian-identity/,https://tinyurl.com/frcmed-ci-transcript
https://frconor-ebook.github.io/meditations/homilies/christian-virtues/,https://tinyurl.com/frcmed-cv-transcript
https://frconor-ebook.github.io/meditations/homilies/christmas/,https://tinyurl.com/frcmed-xmas-transcript
https://frconor-ebook.github.io/meditations/homilies/clean-of-heart/,https://tinyurl.com/frcmed-coh-transcript
https://frconor-ebook.github.io/meditations/homilies/comforter-of-the-afflicted/,https://tinyurl.com/frcmed-cota-transcript
https://frconor-ebook.github.io/meditations/homilies/conjugal-love/,https://tinyurl.com/frcmed-luv-transcript
https://frconor-ebook.github.io/meditations/homilies/conscience-the-light-of-the-soul/,https://tinyurl.com/frcmed-itsclts-transcript
https://frconor-ebook.github.io/meditations/homilies/contemplative/,https://tinyurl.com/frcmed-cont-transcript
https://frconor-ebook.github.io/meditations/homilies/contrition/,https://tinyurl.com/frcmed-contritebeco-transcript
https://frconor-ebook.github.io/meditations/homilies/corpus-christi-the-body-and-blood-of-our-lord/,https://tinyurl.com/frcmed-itsbody-transcript
https://frconor-ebook.github.io/meditations/homilies/correspondence-to-grace/,https://tinyurl.com/frcmed-ctg-transcript
https://frconor-ebook.github.io/meditations/homilies/crises-be-not-afraid/,https://tinyurl.com/frcmed-cbna-transcript
https://frconor-ebook.github.io/meditations/homilies/cross-rejection/,https://tinyurl.com/frcmed-rej-transcript
https://frconor-ebook.github.io/meditations/homilies/daily-mass/,https://tinyurl.com/frcmed-dm-transcript
https://frconor-ebook.github.io/meditations/homilies/death-and-the-good-use-of-time-2nd-ed/,https://tinyurl.com/frcmed-datgut-transcript
https://frconor-ebook.github.io/meditations/homilies/dedication-of-the-basilica-of-st-mary-major/,https://tinyurl.com/frcmed-stmary-transcript
https://frconor-ebook.github.io/meditations/homilies/defending-the-family/,https://tinyurl.com/frcmed-defam-transcript
https://frconor-ebook.github.io/meditations/homilies/discerning-ones-vocation/,https://tinyurl.com/frcmed-docvoc-transcript
https://frconor-ebook.github.io/meditations/homilies/divine-filiation/,https://tinyurl.com/frcmed-df-transcript
https://frconor-ebook.github.io/meditations/homilies/do-not-let-your-hearts-be-troubled/,https://tinyurl.com/frcmed-dontbetrou-transcript
https://frconor-ebook.github.io/meditations/homilies/easter-faith/,https://tinyurl.com/frcmed-easterbecome-transcript
https://frconor-ebook.github.io/meditations/homilies/easter-joy/,https://tinyurl.com/frcmed-ej-transcript
https://frconor-ebook.github.io/meditations/homilies/easter-sunday/,https://tinyurl.com/frcmed-esun-transcript
https://frconor-ebook.github.io/meditations/homilies/egypt-and-the-holy-family/,https://tinyurl.com/frcmed-egyptbecomes-transcript
https://frconor-ebook.github.io/meditations/homilies/emmaus/,https://tinyurl.com/frcmed-emms-transcript
https://frconor-ebook.github.io/meditations/homilies/enlarging-the-heart/,https://tinyurl.com/frcmed-eth-transcript
https://frconor-ebook.github.io/meditations/homilies/eternal-happiness/,https://tinyurl.com/frcmed-ehappy-transcript
https://frconor-ebook.github.io/meditations/homilies/even-the-hairs-of-your-head/,https://tinyurl.com/frcmed-yourhair-transcript
https://frconor-ebook.github.io/meditations/homilies/examination-of-conscience/,https://tinyurl.com/frcmed-eoc-transcript
https://frconor-ebook.github.io/meditations/homilies/faithfulness/,https://tinyurl.com/frcmed-faith-transcript
https://frconor-ebook.github.io/meditations/homilies/fidelity-in-marriage/,https://tinyurl.com/frcmed-fid-transcript
https://frconor-ebook.github.io/meditations/homilies/fire-on-earth/,https://tinyurl.com/frcmed-foe-transcript
https://frconor-ebook.github.io/meditations/homilies/fishers-of-men/,https://tinyurl.com/frcmed-fom-transcript
https://frconor-ebook.github.io/meditations/homilies/forgiveness/,https://tinyurl.com/frcmed-forgiv-transcript
https://frconor-ebook.github.io/meditations/homilies/forming-saints-in-the-domestic-church-bethany/,https://tinyurl.com/frcmed-fsdtcdcb-transcript
https://frconor-ebook.github.io/meditations/homilies/forming-saints-in-the-domestic-church-easter/,https://tinyurl.com/frcmed-fschurcheast-transcript
https://frconor-ebook.github.io/meditations/homilies/forming-saints-in-the-domestic-church-the-cross/,https://tinyurl.com/frcmed-stx-transcript
https://frconor-ebook.github.io/meditations/homilies/fraternal-correction/,https://tinyurl.com/frcmed-fratcor-transcript
https://frconor-ebook.github.io/meditations/homilies/fraternity-in-the-work/,https://tinyurl.com/frcmed-fitw-transcript
https://frconor-ebook.github.io/meditations/homilies/freedom/,https://tinyurl.com/frcmed-free-transcript
https://frconor-ebook.github.io/meditations/homilies/friendship-and-confidence/,https://tinyurl.com/frcmed-fc-transcript
https://frconor-ebook.github.io/meditations/homilies/from-tabor-to-calvary/,https://tinyurl.com/frcmed-ftc-transcript
https://frconor-ebook.github.io/meditations/homilies/fruits-of-the-holy-spirit/,https://tinyurl.com/frcmed-fots-transcript
https://frconor-ebook.github.io/meditations/homilies/general-proofreading-guidelines/,https://tinyurl.com/frcmed-gpguidelines-transcript
https://frconor-ebook.github.io/meditations/homilies/generosity/,https://tinyurl.com/frcmed-gen-transcript
https://frconor-ebook.github.io/meditations/homilies/generosity-towards-god/,https://tinyurl.com/frcmed-gengod-transcript
https://frconor-ebook.github.io/meditations/homilies/god-has-captured-me-with-his-love/,https://tinyurl.com/frcmed-ghcmwl-transcript
https://frconor-ebook.github.io/meditations/homilies/good-anger-bad-anger/,https://tinyurl.com/frcmed-gab-transcript
https://frconor-ebook.github.io/meditations/homilies/good-friday-passion/,https://tinyurl.com/frcmed-gfp-transcript
https://frconor-ebook.github.io/meditations/homilies/gratitude-for-pope-benedict-xvi/,https://tinyurl.com/frcmed-gbxvi-transcript
https://frconor-ebook.github.io/meditations/homilies/healing-christs-wounds/,https://tinyurl.com/frcmed-hcw-transcript
https://frconor-ebook.github.io/meditations/homilies/heart-in-the-family/,https://tinyurl.com/frcmed-hitf-transcript
https://frconor-ebook.github.io/meditations/homilies/hearts-on-fire/,https://tinyurl.com/frcmed-hof-transcript
https://frconor-ebook.github.io/meditations/homilies/heaven-and-vigilance/,https://tinyurl.com/frcmed-hav-transcript
https://frconor-ebook.github.io/meditations/homilies/hell-purgatory-heaven/,https://tinyurl.com/frcmed-hph-transcript
https://frconor-ebook.github.io/meditations/homilies/helping-to-do-good/,https://tinyurl.com/frcmed-hdg-transcript
https://frconor-ebook.github.io/meditations/homilies/holy-communion-jesus-is-mine/,https://tinyurl.com/frcmed-hcjm-transcript
https://frconor-ebook.github.io/meditations/homilies/holy-purity/,https://tinyurl.com/frcmed-hp-transcript
https://frconor-ebook.github.io/meditations/homilies/holy-saturday/,https://tinyurl.com/frcmed-hsat-transcript
https://frconor-ebook.github.io/meditations/homilies/humility/,https://tinyurl.com/frcmed-hum-transcript
https://frconor-ebook.github.io/meditations/homilies/humility-lent/,https://tinyurl.com/frcmed-hl-transcript
https://frconor-ebook.github.io/meditations/homilies/humility-of-instruments/,https://tinyurl.com/frcmed-humi-transcript
https://frconor-ebook.github.io/meditations/homilies/humility-relying-on-god/,https://tinyurl.com/frcmed-hrog-transcript
https://frconor-ebook.github.io/meditations/homilies/i-thirst/,https://tinyurl.com/frcmed-ithrs-transcript
https://frconor-ebook.github.io/meditations/homilies/imagination-the-madwoman/,https://tinyurl.com/frcmed-imadwo-transcript
https://frconor-ebook.github.io/meditations/homilies/in-expectation-of-our-lord/,https://tinyurl.com/frcmed-iool-transcript
https://frconor-ebook.github.io/meditations/homilies/in-the-heart-of-joseph-and-mary/,https://tinyurl.com/frcmed-josephmary-transcript
https://frconor-ebook.github.io/meditations/homilies/increase-my-faith/,https://tinyurl.com/frcmed-imyf-transcript
https://frconor-ebook.github.io/meditations/homilies/infectious-faith/,https://tinyurl.com/frcmed-if-transcript
https://frconor-ebook.github.io/meditations/homilies/it-is-right-and-just/,https://tinyurl.com/frcmed-iraj-transcript
https://frconor-ebook.github.io/meditations/homilies/judas/,https://tinyurl.com/frcmed-jud-transcript
https://frconor-ebook.github.io/meditations/homilies/keeping-my-word/,https://tinyurl.com/frcmed-kmw-transcript
https://frconor-ebook.github.io/meditations/homilies/kindness/,https://tinyurl.com/frcmed-kind-transcript
https://frconor-ebook.github.io/meditations/homilies/knowing-loving-and-living-the-eucharist/,https://tinyurl.com/frcmed-kle-transcript
https://frconor-ebook.github.io/meditations/homilies/launch-out-into-the-deep/,https://tinyurl.com/frcmed-ltd-transcript
https://frconor-ebook.github.io/meditations/homilies/life-of-childhood/,https://tinyurl.com/frcmed-loc-transcript
https://frconor-ebook.github.io/meditations/homilies/life-of-faith/,https://tinyurl.com/frcmed-lof-transcript
https://frconor-ebook.github.io/meditations/homilies/listening/,https://tinyurl.com/frcmed-lisn-transcript
https://frconor-ebook.github.io/meditations/homilies/little-duties/,https://tinyurl.com/frcmed-ld-transcript
https://frconor-ebook.github.io/meditations/homilies/love-for-priests/,https://tinyurl.com/frcmed-lp-transcript
https://frconor-ebook.github.io/meditations/homilies/love-for-chastity/,https://tinyurl.com/frcmed-lfc-transcript
https://frconor-ebook.github.io/meditations/homilies/love-for-our-vocation/,https://tinyurl.com/frcmed-weloveourjob-transcript
https://frconor-ebook.github.io/meditations/homilies/love-for-the-cross/,https://tinyurl.com/frcmed-lftc-transcript
https://frconor-ebook.github.io/meditations/homilies/loving-jesus-house/,https://tinyurl.com/frcmed-ljh-transcript
https://frconor-ebook.github.io/meditations/homilies/loyalty/,https://tinyurl.com/frcmed-loyal-transcript
https://frconor-ebook.github.io/meditations/homilies/lukewarmness/,https://tinyurl.com/frcmed-lw-transcript
https://frconor-ebook.github.io/meditations/homilies/magnanimity/,https://tinyurl.com/frcmed-mag-transcript
https://frconor-ebook.github.io/meditations/homilies/making-good-decisions-or-the-virtue-of-prudence/,https://tinyurl.com/frcmed-mgd-transcript
https://frconor-ebook.github.io/meditations/homilies/marriage-and-indissolubility/,https://tinyurl.com/frcmed-mai-transcript
https://frconor-ebook.github.io/meditations/homilies/marriage-in-heaven/,https://tinyurl.com/frcmed-mih-transcript
https://frconor-ebook.github.io/meditations/homilies/martha-martha/,https://tinyurl.com/frcmed-mm-transcript
https://frconor-ebook.github.io/meditations/homilies/mary-of-bethanys-authentic-love/,https://tinyurl.com/frcmed-mobal-transcript
https://frconor-ebook.github.io/meditations/homilies/mary-mother-of-god/,https://tinyurl.com/frcmed-mom-transcript
https://frconor-ebook.github.io/meditations/homilies/maturity-and-participation-in-the-divine-nature/,https://tinyurl.com/frcmed-matindivnati-transcript
https://frconor-ebook.github.io/meditations/homilies/meekness/,https://tinyurl.com/frcmed-meek-transcript
https://frconor-ebook.github.io/meditations/homilies/mental-prayer/,https://tinyurl.com/frcmed-mp-transcript
https://frconor-ebook.github.io/meditations/homilies/midterm-of-the-year-of-st-joseph/,https://tinyurl.com/frcmed-stjoemid-transcript
https://frconor-ebook.github.io/meditations/homilies/mortification/,https://tinyurl.com/frcmed-mort-transcript
https://frconor-ebook.github.io/meditations/homilies/mother-of-the-church/,https://tinyurl.com/frcmed-motc-transcript
https://frconor-ebook.github.io/meditations/homilies/mothers-day/,https://tinyurl.com/frcmed-md-transcript
https://frconor-ebook.github.io/meditations/homilies/much-will-be-demanded-responsibility/,https://tinyurl.com/frcmed-mwbdresponsi-transcript
https://frconor-ebook.github.io/meditations/homilies/naaman-the-syrian-docility/,https://tinyurl.com/frcmed-nddoc-transcript
https://frconor-ebook.github.io/meditations/homilies/obedience/,https://tinyurl.com/frcmed-obd-transcript
https://frconor-ebook.github.io/meditations/homilies/obedience-in-bethlehem/,https://tinyurl.com/frcmed-oib-transcript
https://frconor-ebook.github.io/meditations/homilies/oct-12-our-lady-of-pilar/,https://tinyurl.com/frcmed-ourlady-transcript
https://frconor-ebook.github.io/meditations/homilies/octave-of-prayer-for-the-unity-of-christians/,https://tinyurl.com/frcmed-opuc-transcript
https://frconor-ebook.github.io/meditations/homilies/on-apostolate/,https://tinyurl.com/frcmed-onapisshorte-transcript
https://frconor-ebook.github.io/meditations/homilies/on-creation/,https://tinyurl.com/frcmed-oncre-transcript
https://frconor-ebook.github.io/meditations/homilies/on-hope/,https://tinyurl.com/frcmed-nope-transcript
https://frconor-ebook.github.io/meditations/homilies/on-temperance/,https://tinyurl.com/frcmed-ontemp-transcript
https://frconor-ebook.github.io/meditations/homilies/on-work/,https://tinyurl.com/frcmed-onworkow-transcript
https://frconor-ebook.github.io/meditations/homilies/optimism/,https://tinyurl.com/frcmed-opt-transcript
https://frconor-ebook.github.io/meditations/homilies/order/,https://tinyurl.com/frcmed-ord-transcript
https://frconor-ebook.github.io/meditations/homilies/our-lady-of-africa/,https://tinyurl.com/frcmed-ola-transcript
https://frconor-ebook.github.io/meditations/homilies/our-lady-of-fatimamay-13/,https://tinyurl.com/frcmed-ourladyissho-transcript
https://frconor-ebook.github.io/meditations/homilies/our-lady-of-guadalupe/,https://tinyurl.com/frcmed-olg-transcript
https://frconor-ebook.github.io/meditations/homilies/our-lady-of-lourdes/,https://tinyurl.com/frcmed-oll-transcript
https://frconor-ebook.github.io/meditations/homilies/our-lady-of-mt-carmel/,https://tinyurl.com/frcmed-mtcarmel-transcript
https://frconor-ebook.github.io/meditations/homilies/our-lady-of-peace/,https://tinyurl.com/frcmed-olp-transcript
https://frconor-ebook.github.io/meditations/homilies/our-lady-of-sorrows/,https://tinyurl.com/frcmed-ols-transcript
https://frconor-ebook.github.io/meditations/homilies/our-lady-the-queen/,https://tinyurl.com/frcmed-olq-transcript
https://frconor-ebook.github.io/meditations/homilies/our-lady-mother-of-mercy/,https://tinyurl.com/frcmed-olmm-transcript
https://frconor-ebook.github.io/meditations/homilies/our-lady-woman-of-the-eucharist/,https://tinyurl.com/frcmed-lady-transcript
https://frconor-ebook.github.io/meditations/homilies/our-ladys-fidelity/,https://tinyurl.com/frcmed-olfsolf-transcript
https://frconor-ebook.github.io/meditations/homilies/our-mother-in-may/,https://tinyurl.com/frcmed-omim-transcript
https://frconor-ebook.github.io/meditations/homilies/our-sins-our-confession/,https://tinyurl.com/frcmed-oursinsissho-transcript
https://frconor-ebook.github.io/meditations/homilies/palm-sunday/,https://tinyurl.com/frcmed-ps-transcript
https://frconor-ebook.github.io/meditations/homilies/parable-of-the-laborers-in-the-vineyard/,https://tinyurl.com/frcmed-laborers-transcript
https://frconor-ebook.github.io/meditations/homilies/parable-of-the-rich-man-and-lazarus/,https://tinyurl.com/frcmed-richman-transcript
https://frconor-ebook.github.io/meditations/homilies/passion-for-unity/,https://tinyurl.com/frcmed-pfu-transcript
https://frconor-ebook.github.io/meditations/homilies/passionately-loving-the-world/,https://tinyurl.com/frcmed-platw-transcript
https://frconor-ebook.github.io/meditations/homilies/patience/,https://tinyurl.com/frcmed-pat-transcript
https://frconor-ebook.github.io/meditations/homilies/patience-in-adversity/,https://tinyurl.com/frcmed-pid-transcript
https://frconor-ebook.github.io/meditations/homilies/pentecost-sunday/,https://tinyurl.com/frcmed-pentsun-transcript
https://frconor-ebook.github.io/meditations/homilies/perseverance/,https://tinyurl.com/frcmed-pers-transcript
https://frconor-ebook.github.io/meditations/homilies/personal-prayer/,https://tinyurl.com/frcmed-pray-transcript
https://frconor-ebook.github.io/meditations/homilies/peter-and-prayer/,https://tinyurl.com/frcmed-pet-transcript
https://frconor-ebook.github.io/meditations/homilies/piety/,https://tinyurl.com/frcmed-pty-transcript
https://frconor-ebook.github.io/meditations/homilies/plan-of-life/,https://tinyurl.com/frcmed-pol-transcript
https://frconor-ebook.github.io/meditations/homilies/poverty-and-detachment/,https://tinyurl.com/frcmed-pad-transcript
https://frconor-ebook.github.io/meditations/homilies/pray-for-the-dead/,https://tinyurl.com/frcmed-pftd-transcript
https://frconor-ebook.github.io/meditations/homilies/prayer-of-petition/,https://tinyurl.com/frcmed-pop-transcript
https://frconor-ebook.github.io/meditations/homilies/preparing-for-retreat/,https://tinyurl.com/frcmed-prep-transcript
https://frconor-ebook.github.io/meditations/homilies/preparing-for-the-jubilee-year-2025/,https://tinyurl.com/frcmed-jubilee-transcript
https://frconor-ebook.github.io/meditations/homilies/preparing-to-receive-jesus/,https://tinyurl.com/frcmed-preptorecvje-transcript
https://frconor-ebook.github.io/meditations/homilies/presence-of-god/,https://tinyurl.com/frcmed-pg-transcript
https://frconor-ebook.github.io/meditations/homilies/pro-active-love/,https://tinyurl.com/frcmed-pal-transcript
https://frconor-ebook.github.io/meditations/homilies/professional-prestige/,https://tinyurl.com/frcmed-propre-transcript
https://frconor-ebook.github.io/meditations/homilies/purity-of-soul/,https://tinyurl.com/frcmed-pos-transcript
https://frconor-ebook.github.io/meditations/homilies/purity-of-the-heart/,https://tinyurl.com/frcmed-poth-transcript
https://frconor-ebook.github.io/meditations/homilies/reading-the-signs/,https://tinyurl.com/frcmed-rts-transcript
https://frconor-ebook.github.io/meditations/homilies/render-unto-caesar/,https://tinyurl.com/frcmed-ruc-transcript
https://frconor-ebook.github.io/meditations/homilies/rich-before-god/,https://tinyurl.com/frcmed-rbg-transcript
https://frconor-ebook.github.io/meditations/homilies/salt-that-has-lost-its-savor/,https://tinyurl.com/frcmed-its-transcript
https://frconor-ebook.github.io/meditations/homilies/salt-and-light/,https://tinyurl.com/frcmed-sal-transcript
https://frconor-ebook.github.io/meditations/homilies/seed-and-grace/,https://tinyurl.com/frcmed-sadg-transcript
https://frconor-ebook.github.io/meditations/homilies/seeing-christ-in-illness/,https://tinyurl.com/frcmed-sci-transcript
https://frconor-ebook.github.io/meditations/homilies/self-lovethe-enemy/,https://tinyurl.com/frcmed-sle-transcript
https://frconor-ebook.github.io/meditations/homilies/self-denial/,https://tinyurl.com/frcmed-sd-transcript
https://frconor-ebook.github.io/meditations/homilies/serving-one-master/,https://tinyurl.com/frcmed-som-transcript
https://frconor-ebook.github.io/meditations/homilies/sick-and-you-visited-me/,https://tinyurl.com/frcmed-suy-transcript
https://frconor-ebook.github.io/meditations/homilies/simeon-and-anna/,https://tinyurl.com/frcmed-sa-transcript
https://frconor-ebook.github.io/meditations/homilies/sin-of-pridethe-elder-son/,https://tinyurl.com/frcmed-son-transcript
https://frconor-ebook.github.io/meditations/homilies/sincerity-love-for-truth/,https://tinyurl.com/frcmed-slft-transcript
https://frconor-ebook.github.io/meditations/homilies/souls-of-prayer/,https://tinyurl.com/frcmed-sop-transcript
https://frconor-ebook.github.io/meditations/homilies/sparrows/,https://tinyurl.com/frcmed-spar-transcript
https://frconor-ebook.github.io/meditations/homilies/spirit-of-service/,https://tinyurl.com/frcmed-sos-transcript
https://frconor-ebook.github.io/meditations/homilies/spiritual-childhood/,https://tinyurl.com/frcmed-sc-transcript
https://frconor-ebook.github.io/meditations/homilies/st-andrew/,https://tinyurl.com/frcmed-stan-transcript
https://frconor-ebook.github.io/meditations/homilies/st-catherine-of-siena/,https://tinyurl.com/frcmed-stcat-transcript
https://frconor-ebook.github.io/meditations/homilies/st-francis-xavier/,https://tinyurl.com/frcmed-stfx-transcript
https://frconor-ebook.github.io/meditations/homilies/st-francis-of-assisi/,https://tinyurl.com/frcmed-stfran-transcript
https://frconor-ebook.github.io/meditations/homilies/st-joachim-and-st-anne/,https://tinyurl.com/frcmed-stjo-transcript
https://frconor-ebook.github.io/meditations/homilies/st-john/,https://tinyurl.com/frcmed-stjohn-transcript
https://frconor-ebook.github.io/meditations/homilies/st-john-henry-newman-on-friendship/,https://tinyurl.com/frcmed-sjhnistoolon-transcript
https://frconor-ebook.github.io/meditations/homilies/st-john-mary-vianney/,https://tinyurl.com/frcmed-stjohnbecome-transcript
https://frconor-ebook.github.io/meditations/homilies/st-john-paul-ii/,https://tinyurl.com/frcmed-jpii-transcript
https://frconor-ebook.github.io/meditations/homilies/st-josemaría-escrivá-feast-june-26th/,https://tinyurl.com/frcmed-stjoefeb-transcript
https://frconor-ebook.github.io/meditations/homilies/st-joseph-in-the-incarnation-pope-francis/,https://tinyurl.com/frcmed-stjoepopefra-transcript
https://frconor-ebook.github.io/meditations/homilies/st-joseph-the-workermay-1/,https://tinyurl.com/frcmed-stjoemay-transcript
https://frconor-ebook.github.io/meditations/homilies/st-luke/,https://tinyurl.com/frcmed-stluke-transcript
https://frconor-ebook.github.io/meditations/homilies/st-mark/,https://tinyurl.com/frcmed-stmarksm-transcript
https://frconor-ebook.github.io/meditations/homilies/st-matthew/,https://tinyurl.com/frcmed-stmat-transcript
https://frconor-ebook.github.io/meditations/homilies/st-monica/,https://tinyurl.com/frcmed-stmonicabeco-transcript
https://frconor-ebook.github.io/meditations/homilies/st-nicholas-of-bari/,https://tinyurl.com/frcmed-stnick-transcript
https://frconor-ebook.github.io/meditations/homilies/st-patrick-march-17th/,https://tinyurl.com/frcmed-stpat-transcript
https://frconor-ebook.github.io/meditations/homilies/st-peter-and-st-paul/,https://tinyurl.com/frcmed-stp-transcript
https://frconor-ebook.github.io/meditations/homilies/st-philip-and-st-jamesmay-3/,https://tinyurl.com/frcmed-stphilipjame-transcript
https://frconor-ebook.github.io/meditations/homilies/st-severinus-unity/,https://tinyurl.com/frcmed-stu-transcript
https://frconor-ebook.github.io/meditations/homilies/st-simon-and-st-jude/,https://tinyurl.com/frcmed-stsimonjude-transcript
https://frconor-ebook.github.io/meditations/homilies/st-teresa-benedicta-of-the-cross-edith-stein/,https://tinyurl.com/frcmed-edstein-transcript
https://frconor-ebook.github.io/meditations/homilies/st-thomas/,https://tinyurl.com/frcmed-stthom-transcript
https://frconor-ebook.github.io/meditations/homilies/st-thomas-more/,https://tinyurl.com/frcmed-stm-transcript
https://frconor-ebook.github.io/meditations/homilies/sts-martha-mary-and-lazarus/,https://tinyurl.com/frcmed-stmarthaetc-transcript
https://frconor-ebook.github.io/meditations/homilies/taking-advantage-of-the-means-of-formation/,https://tinyurl.com/frcmed-tof-transcript
https://frconor-ebook.github.io/meditations/homilies/temperance/,https://tinyurl.com/frcmed-temp-transcript
https://frconor-ebook.github.io/meditations/homilies/thanksgiving/,https://tinyurl.com/frcmed-tgiving-transcript
https://frconor-ebook.github.io/meditations/homilies/thanksgiving-after-mass/,https://tinyurl.com/frcmed-tgm-transcript
https://frconor-ebook.github.io/meditations/homilies/the-anniversary-of-pope-franciss-election/,https://tinyurl.com/frcmed-popeelection-transcript
https://frconor-ebook.github.io/meditations/homilies/the-anniversary-of-the-election-of-don-fernando-ocáriz-as-the-prelate-of-opus-dei/,https://tinyurl.com/frcmed-opdeiprel-transcript
https://frconor-ebook.github.io/meditations/homilies/the-anniversary-of-the-establishment-of-the-prelature--nov-28th/,https://tinyurl.com/frcmed-nov-transcript
https://frconor-ebook.github.io/meditations/homilies/the-anniversary-of-the-women-of-the-prelature/,https://tinyurl.com/frcmed-annivwomenpr-transcript
https://frconor-ebook.github.io/meditations/homilies/the-annunciation/,https://tinyurl.com/frcmed-annun-transcript
https://frconor-ebook.github.io/meditations/homilies/the-annunciation-advent/,https://tinyurl.com/frcmed-annunadv-transcript
https://frconor-ebook.github.io/meditations/homilies/the-apostolate-of-confession/,https://tinyurl.com/frcmed-aoc-transcript
https://frconor-ebook.github.io/meditations/homilies/the-apostolate-of-the-home/,https://tinyurl.com/frcmed-oth-transcript
https://frconor-ebook.github.io/meditations/homilies/the-archangels/,https://tinyurl.com/frcmed-archs-transcript
https://frconor-ebook.github.io/meditations/homilies/the-art-of-prudence/,https://tinyurl.com/frcmed-tap-transcript
https://frconor-ebook.github.io/meditations/homilies/the-ascension/,https://tinyurl.com/frcmed-asc-transcript
https://frconor-ebook.github.io/meditations/homilies/the-baptism-of-jesus/,https://tinyurl.com/frcmed-tboj-transcript
https://frconor-ebook.github.io/meditations/homilies/the-beatitudes/,https://tinyurl.com/frcmed-beat-transcript
https://frconor-ebook.github.io/meditations/homilies/the-beauty-of-the-manger/,https://tinyurl.com/frcmed-tbm-transcript
https://frconor-ebook.github.io/meditations/homilies/the-bread-our-heavenly-mother-gives-us/,https://tinyurl.com/frcmed-tbouhmgustbh-transcript
https://frconor-ebook.github.io/meditations/homilies/the-bread-of-life/,https://tinyurl.com/frcmed-bol-transcript
https://frconor-ebook.github.io/meditations/homilies/the-centurion/,https://tinyurl.com/frcmed-cen-transcript
https://frconor-ebook.github.io/meditations/homilies/the-communion-of-saints/,https://tinyurl.com/frcmed-cos-transcript
https://frconor-ebook.github.io/meditations/homilies/the-conversion-of-st-paul/,https://tinyurl.com/frcmed-stpaulconv-transcript
https://frconor-ebook.github.io/meditations/homilies/the-crucifixion/,https://tinyurl.com/frcmed-thecrucifixi-transcript
https://frconor-ebook.github.io/meditations/homilies/the-curing-of-the-man-with-an-unclean-spirit/,https://tinyurl.com/frcmed-curing-transcript
https://frconor-ebook.github.io/meditations/homilies/the-curing-of-the-possessed-man-gerasenes/,https://tinyurl.com/frcmed-itsgerasenes-transcript
https://frconor-ebook.github.io/meditations/homilies/the-daughter-of-jairus/,https://tinyurl.com/frcmed-doj-transcript
https://frconor-ebook.github.io/meditations/homilies/the-decree-of-caesar-augustus-and-the-journey-to-bethlehem/,https://tinyurl.com/frcmed-decofcaestob-transcript
https://frconor-ebook.github.io/meditations/homilies/the-devils-cast-out/,https://tinyurl.com/frcmed-tdco-transcript
https://frconor-ebook.github.io/meditations/homilies/the-dignity-of-work/,https://tinyurl.com/frcmed-todow-transcript
https://frconor-ebook.github.io/meditations/homilies/the-end-of-life/,https://tinyurl.com/frcmed-eol-transcript
https://frconor-ebook.github.io/meditations/homilies/the-epiphany/,https://tinyurl.com/frcmed-epi-transcript
https://frconor-ebook.github.io/meditations/homilies/the-eternal-high-priest/,https://tinyurl.com/frcmed-tehp-transcript
https://frconor-ebook.github.io/meditations/homilies/the-exaltation-of-the-holy-cross/,https://tinyurl.com/frcmed-holycross-transcript
https://frconor-ebook.github.io/meditations/homilies/the-faith-of-abraham/,https://tinyurl.com/frcmed-tfoa-transcript
https://frconor-ebook.github.io/meditations/homilies/the-father-in-the-work/,https://tinyurl.com/frcmed-titw-transcript
https://frconor-ebook.github.io/meditations/homilies/the-feast-of-the-holy-family/,https://tinyurl.com/frcmed-tfhf-transcript
https://frconor-ebook.github.io/meditations/homilies/the-first-disciples/,https://tinyurl.com/frcmed-td-transcript
https://frconor-ebook.github.io/meditations/homilies/the-friend-of-sinners/,https://tinyurl.com/frcmed-fos-transcript
https://frconor-ebook.github.io/meditations/homilies/the-gift-of-counsel/,https://tinyurl.com/frcmed-togc-transcript
https://frconor-ebook.github.io/meditations/homilies/the-gift-of-fortitude/,https://tinyurl.com/frcmed-togof-transcript
https://frconor-ebook.github.io/meditations/homilies/the-gift-of-knowledge/,https://tinyurl.com/frcmed-togok-transcript
https://frconor-ebook.github.io/meditations/homilies/the-gift-of-piety/,https://tinyurl.com/frcmed-top-transcript
https://frconor-ebook.github.io/meditations/homilies/the-gift-of-understanding/,https://tinyurl.com/frcmed-tgou-transcript
https://frconor-ebook.github.io/meditations/homilies/the-gift-of-wisdom/,https://tinyurl.com/frcmed-togow-transcript
https://frconor-ebook.github.io/meditations/homilies/the-good-shepherd/,https://tinyurl.com/frcmed-tgds-transcript
https://frconor-ebook.github.io/meditations/homilies/the-good-thief/,https://tinyurl.com/frcmed-tgt-transcript
https://frconor-ebook.github.io/meditations/homilies/the-grandfather/,https://tinyurl.com/frcmed-gf-transcript
https://frconor-ebook.github.io/meditations/homilies/the-grandmother/,https://tinyurl.com/frcmed-gm-transcript
https://frconor-ebook.github.io/meditations/homilies/the-grass-of-the-field/,https://tinyurl.com/frcmed-gotf-transcript
https://frconor-ebook.github.io/meditations/homilies/the-guardian-angels/,https://tinyurl.com/frcmed-tga-transcript
https://frconor-ebook.github.io/meditations/homilies/the-harvest-is-plentiful/,https://tinyurl.com/frcmed-thhp-transcript
https://frconor-ebook.github.io/meditations/homilies/the-healing-of-the-man-with-the-withered-hand/,https://tinyurl.com/frcmed-healman-transcript
https://frconor-ebook.github.io/meditations/homilies/the-healing-of-the-ten-lepers/,https://tinyurl.com/frcmed-lep-transcript
https://frconor-ebook.github.io/meditations/homilies/the-holiness-in-rest-a-sacred-pause/,https://tinyurl.com/frcmed-itsapause-transcript
https://frconor-ebook.github.io/meditations/homilies/the-holy-innocents/,https://tinyurl.com/frcmed-innocentsbec-transcript
https://frconor-ebook.github.io/meditations/homilies/the-holy-name-of-jesus/,https://tinyurl.com/frcmed-tnoj-transcript
https://frconor-ebook.github.io/meditations/homilies/the-holy-name-of-mary/,https://tinyurl.com/frcmed-thnm-transcript
https://frconor-ebook.github.io/meditations/homilies/the-holy-rosary/,https://tinyurl.com/frcmed-holyrosbecom-transcript
https://frconor-ebook.github.io/meditations/homilies/the-imagination-and-interior-mortification/,https://tinyurl.com/frcmed-iam-transcript
https://frconor-ebook.github.io/meditations/homilies/the-immaculate-conception-dec-8th/,https://tinyurl.com/frcmed-ticdec-transcript
https://frconor-ebook.github.io/meditations/homilies/the-immaculate-heart-of-mary/,https://tinyurl.com/frcmed-ihm-transcript
https://frconor-ebook.github.io/meditations/homilies/the-infinite-love-of-god/,https://tinyurl.com/frcmed-tilog-transcript
https://frconor-ebook.github.io/meditations/homilies/the-joy-of-the-journey-to-bethlehem/,https://tinyurl.com/frcmed-tjotjb-transcript
https://frconor-ebook.github.io/meditations/homilies/the-last-day-of-the-year-dec-31/,https://tinyurl.com/frcmed-lastdaydecis-transcript
https://frconor-ebook.github.io/meditations/homilies/the-light-streaming-from-bethlehem/,https://tinyurl.com/frcmed-tlsfb-transcript
https://frconor-ebook.github.io/meditations/homilies/the-little-things/,https://tinyurl.com/frcmed-tlts-transcript
https://frconor-ebook.github.io/meditations/homilies/the-lords-day/,https://tinyurl.com/frcmed-lordsday-transcript
https://frconor-ebook.github.io/meditations/homilies/the-lost-sheep/,https://tinyurl.com/frcmed-tls-transcript
https://frconor-ebook.github.io/meditations/homilies/the-love-of-god/,https://tinyurl.com/frcmed-tog-transcript
https://frconor-ebook.github.io/meditations/homilies/the-mass/,https://tinyurl.com/frcmed-them-transcript
https://frconor-ebook.github.io/meditations/homilies/the-miracle-at-cana/,https://tinyurl.com/frcmed-mac-transcript
https://frconor-ebook.github.io/meditations/homilies/the-miraculous-catch-of-fish/,https://tinyurl.com/frcmed-tmcof-transcript
https://frconor-ebook.github.io/meditations/homilies/the-mother-of-fair-love/,https://tinyurl.com/frcmed-mofl-transcript
https://frconor-ebook.github.io/meditations/homilies/the-multiplication-of-the-loaves-and-fish/,https://tinyurl.com/frcmed-mtloaf-transcript
https://frconor-ebook.github.io/meditations/homilies/the-mystery-of-the-incarnation/,https://tinyurl.com/frcmed-tmi-transcript
https://frconor-ebook.github.io/meditations/homilies/the-narrow-path/,https://tinyurl.com/frcmed-np-transcript
https://frconor-ebook.github.io/meditations/homilies/the-one-who-gives-us-jesus/,https://tinyurl.com/frcmed-towgusj-transcript
https://frconor-ebook.github.io/meditations/homilies/the-only-real-evil/,https://tinyurl.com/frcmed-ore-transcript
https://frconor-ebook.github.io/meditations/homilies/the-only-real-evil-2nd-ed/,https://tinyurl.com/frcmed-orened-transcript
https://frconor-ebook.github.io/meditations/homilies/the-parable-of-the-wedding-feast/,https://tinyurl.com/frcmed-wedfeast-transcript
https://frconor-ebook.github.io/meditations/homilies/the-parable-of-the-mustard-seed/,https://tinyurl.com/frcmed-tps-transcript
https://frconor-ebook.github.io/meditations/homilies/the-parable-of-the-rich-young-man/,https://tinyurl.com/frcmed-trym-transcript
https://frconor-ebook.github.io/meditations/homilies/the-parable-of-the-sower/,https://tinyurl.com/frcmed-potss-transcript
https://frconor-ebook.github.io/meditations/homilies/the-parable-of-the-talents/,https://tinyurl.com/frcmed-pot-transcript
https://frconor-ebook.github.io/meditations/homilies/the-parable-of-the-ten-virgins/,https://tinyurl.com/frcmed-tenvirgins-transcript
https://frconor-ebook.github.io/meditations/homilies/the-parable-of-the-treasure-and-the-pearl/,https://tinyurl.com/frcmed-treaspearl-transcript
https://frconor-ebook.github.io/meditations/homilies/the-parable-of-the-vinedressers/,https://tinyurl.com/frcmed-potv-transcript
https://frconor-ebook.github.io/meditations/homilies/the-parable-of-the-weeds/,https://tinyurl.com/frcmed-twotw-transcript
https://frconor-ebook.github.io/meditations/homilies/the-paralytic-and-his-friends/,https://tinyurl.com/frcmed-hisfriends-transcript
https://frconor-ebook.github.io/meditations/homilies/the-paralytic-at-capharnaum-confession/,https://tinyurl.com/frcmed-itsatcap-transcript
https://frconor-ebook.github.io/meditations/homilies/the-pool-at-bethesda/,https://tinyurl.com/frcmed-tpab-transcript
https://frconor-ebook.github.io/meditations/homilies/the-precious-blood-of-christ/,https://tinyurl.com/frcmed-tpboc-transcript
https://frconor-ebook.github.io/meditations/homilies/the-prelates-saints-day/,https://tinyurl.com/frcmed-itsday-transcript
https://frconor-ebook.github.io/meditations/homilies/the-presentation-of-our-lord/,https://tinyurl.com/frcmed-ourlordistol-transcript
https://frconor-ebook.github.io/meditations/homilies/the-priestly-society-of-the-holy-cross/,https://tinyurl.com/frcmed-pshc-transcript
https://frconor-ebook.github.io/meditations/homilies/the-real-presence/,https://tinyurl.com/frcmed-trp-transcript
https://frconor-ebook.github.io/meditations/homilies/the-resurrection/,https://tinyurl.com/frcmed-resur-transcript
https://frconor-ebook.github.io/meditations/homilies/the-sacrament-of-growth-and-mercy/,https://tinyurl.com/frcmed-togam-transcript
https://frconor-ebook.github.io/meditations/homilies/the-sacred-heart-of-jesus/,https://tinyurl.com/frcmed-shj-transcript
https://frconor-ebook.github.io/meditations/homilies/the-sacred-humanity-of-jesus/,https://tinyurl.com/frcmed-jesus-transcript
https://frconor-ebook.github.io/meditations/homilies/the-sanctification-of-low-moments/,https://tinyurl.com/frcmed-lowmom-transcript
https://frconor-ebook.github.io/meditations/homilies/the-shepherds-and-peace/,https://tinyurl.com/frcmed-sap-transcript
https://frconor-ebook.github.io/meditations/homilies/the-son-of-the-carpenter/,https://tinyurl.com/frcmed-sonofcarpent-transcript
https://frconor-ebook.github.io/meditations/homilies/the-speck-in-my-brothers-eye/,https://tinyurl.com/frcmed-itsmybroseye-transcript
https://frconor-ebook.github.io/meditations/homilies/the-storm-on-the-lake/,https://tinyurl.com/frcmed-tsotl-transcript
https://frconor-ebook.github.io/meditations/homilies/the-syrophoenician-woman/,https://tinyurl.com/frcmed-sw-transcript
https://frconor-ebook.github.io/meditations/homilies/the-temple-tax/,https://tinyurl.com/frcmed-ttt-transcript
https://frconor-ebook.github.io/meditations/homilies/the-transfiguration/,https://tinyurl.com/frcmed-transfig-transcript
https://frconor-ebook.github.io/meditations/homilies/the-unmerciful-servant/,https://tinyurl.com/frcmed-tus-transcript
https://frconor-ebook.github.io/meditations/homilies/the-visitation-of-our-lady/,https://tinyurl.com/frcmed-ourladyvisit-transcript
https://frconor-ebook.github.io/meditations/homilies/the-washing-of-the-feet/,https://tinyurl.com/frcmed-twotf-transcript
https://frconor-ebook.github.io/meditations/homilies/the-widow-of-naim/,https://tinyurl.com/frcmed-won-transcript
https://frconor-ebook.github.io/meditations/homilies/the-widows-mite/,https://tinyurl.com/frcmed-twm-transcript
https://frconor-ebook.github.io/meditations/homilies/the-will-of-god/,https://tinyurl.com/frcmed-itsgodwill-transcript
https://frconor-ebook.github.io/meditations/homilies/the-wisdom-of-solomon/,https://tinyurl.com/frcmed-wis-transcript
https://frconor-ebook.github.io/meditations/homilies/the-woman-caught-in-adultery/,https://tinyurl.com/frcmed-woman-transcript
https://frconor-ebook.github.io/meditations/homilies/the-raising-of-lazarus/,https://tinyurl.com/frcmed-laz-transcript
https://frconor-ebook.github.io/meditations/homilies/thirsting-for-justice/,https://tinyurl.com/frcmed-tfj-transcript
https://frconor-ebook.github.io/meditations/homilies/trinity-sunday/,https://tinyurl.com/frcmed-trinsun-transcript
https://frconor-ebook.github.io/meditations/homilies/understanding/,https://tinyurl.com/frcmed-und-transcript
https://frconor-ebook.github.io/meditations/homilies/unity-of-life/,https://tinyurl.com/frcmed-uol-transcript
https://frconor-ebook.github.io/meditations/homilies/vanity-he-must-increase/,https://tinyurl.com/frcmed-hemustinc-transcript
https://frconor-ebook.github.io/meditations/homilies/vigilance-and-the-rosary/,https://tinyurl.com/frcmed-vatr-transcript
https://frconor-ebook.github.io/meditations/homilies/waiting-for-jesus/,https://tinyurl.com/frcmed-wfj-transcript
https://frconor-ebook.github.io/meditations/homilies/walking-on-the-waterfaith/,https://tinyurl.com/frcmed-walkfaith-transcript
https://frconor-ebook.github.io/meditations/homilies/watchfulness-advent/,https://tinyurl.com/frcmed-waad-transcript
https://frconor-ebook.github.io/meditations/homilies/with-the-readiness-of-lovevigilance/,https://tinyurl.com/frcmed-withlove-transcript
https://frconor-ebook.github.io/meditations/homilies/woman-with-the-issue-of-blood/,https://tinyurl.com/frcmed-womnwthiss-transcript
https://frconor-ebook.github.io/meditations/homilies/you-are-nothing/,https://tinyurl.com/frcmed-yan-transcript
https://frconor-ebook.github.io/meditations/homilies/zeal-for-holiness-through-marriage/,https://tinyurl.com/frcmed-zhm-transcript
https://frconor-ebook.github.io/meditations/homilies/til-death-do-us-part/,https://tinyurl.com/frcmed-tilldeath-transcript
https://frconor-ebook.github.io/meditations/homilies/anniversary-of-the-ordination-of-st-josemaría-escrivá/,https://tinyurl.com/frcmed-itsoeofstj-transcript
https://frconor-ebook.github.io/meditations/homilies/christ-the-light/,https://tinyurl.com/frcmed-ctl-transcript
https://frconor-ebook.github.io/meditations/homilies/come-lord-jesus/,https://tinyurl.com/frcmed-clj-transcript
https://frconor-ebook.github.io/meditations/homilies/judgments-charity/,https://tinyurl.com/frcmed-jdgmntchrt-transcript
https://frconor-ebook.github.io/meditations/homilies/on-study/,https://tinyurl.com/frcmed-onstudybecom-transcript
https://frconor-ebook.github.io/meditations/homilies/our-lady-of-loreto-dec-10th/,https://tinyurl.com/frcmed-ourladyistoo-transcript
https://frconor-ebook.github.io/meditations/homilies/self-emptying-and-st-joseph/,https://tinyurl.com/frcmed-sej-transcript
https://frconor-ebook.github.io/meditations/homilies/st-john-henry-newman-on-the-laity/,https://tinyurl.com/frcmed-newman-transcript
https://frconor-ebook.github.io/meditations/homilies/st-mary-magdalene/,https://tinyurl.com/frcmed-stmarymag-transcript
https://frconor-ebook.github.io/meditations/homilies/the-anniversary-of-the-first-communion-of-st-josemaríaapril-23/,https://tinyurl.com/frcmed-itsstjapr-transcript
https://frconor-ebook.github.io/meditations/homilies/the-apostolate/,https://tinyurl.com/frcmed-apo-transcript
https://frconor-ebook.github.io/meditations/homilies/the-birthday-of-st-josemaría-escrivá/,https://tinyurl.com/frcmed-stjoeday-transcript
https://frconor-ebook.github.io/meditations/homilies/the-gift-of-fear-of-the-lord/,https://tinyurl.com/frcmed-god-transcript
https://frconor-ebook.github.io/meditations/homilies/the-good-use-of-time/,https://tinyurl.com/frcmed-tuot-transcript
https://frconor-ebook.github.io/meditations/homilies/the-presentation-of-our-lady/,https://tinyurl.com/frcmed-ourladybecom-transcript
https://frconor-ebook.github.io/meditations/homilies/abandonment/,https://tinyurl.com/frcmed-abndnmtabnd-transcript
https://frconor-ebook.github.io/meditations/homilies/doctrinal-formation/,https://tinyurl.com/frcmed-docform-transcript
https://frconor-ebook.github.io/meditations/homilies/love-for-peter/,https://tinyurl.com/frcmed-lfp-transcript
https://frconor-ebook.github.io/meditations/homilies/st-joseph-and-the-treasure-of-silence/,https://tinyurl.com/frcmed-stjoesil-transcript
https://frconor-ebook.github.io/meditations/homilies/st-josephs-holiness-in-ordinary-life/,https://tinyurl.com/frcmed-sjlife-transcript
https://frconor-ebook.github.io/meditations/homilies/the-canonization-of-st-josemaría-escrivá/,https://tinyurl.com/frcmed-stjosemari-transcript
https://frconor-ebook.github.io/meditations/homilies/aim-high/,https://tinyurl.com/frcmed-think-okayso-transcript
https://frconor-ebook.github.io/meditations/homilies/mother-of-god-and-our-mother/,https://tinyurl.com/frcmed-think-okayin-transcript
https://frconor-ebook.github.io/meditations/homilies/prince-of-peace/,https://tinyurl.com/frcmed-think-alrigh-transcript
https://frconor-ebook.github.io/meditations/homilies/our-lady-help-of-christians/,https://tinyurl.com/frcmed-ohc-transcript
https://frconor-ebook.github.io/meditations/homilies/our-lady-of-the-angels/,https://tinyurl.com/frcmed-olat-transcript
https://frconor-ebook.github.io/meditations/homilies/rejection/,https://tinyurl.com/frcmed-rejectionrej-transcript
https://frconor-ebook.github.io/meditations/homilies/spirit-and-life/,https://tinyurl.com/frcmed-spiritlifesl-transcript
https://frconor-ebook.github.io/meditations/homilies/spiritual-direction/,https://tinyurl.com/frcmed-spirdir-transcript
https://frconor-ebook.github.io/meditations/homilies/st-john-the-baptist/,https://tinyurl.com/frcmed-stjtba-transcript
https://frconor-ebook.github.io/meditations/homilies/st-joseph-and-the-setbacks-of-life/,https://tinyurl.com/frcmed-stjosephlife-transcript
https://frconor-ebook.github.io/meditations/homilies/st-joseph-the-family-man/,https://tinyurl.com/frcmed-stjfm-transcript
https://frconor-ebook.github.io/meditations/homilies/st-matthias/,https://tinyurl.com/frcmed-stma-transcript
https://frconor-ebook.github.io/meditations/homilies/temptation/,https://tinyurl.com/frcmed-tmptn-transcript
https://frconor-ebook.github.io/meditations/homilies/the-assumption-of-our-lady/,https://tinyurl.com/frcmed-tloollowered-transcript
https://frconor-ebook.github.io/meditations/homilies/the-blind-man/,https://tinyurl.com/frcmed-theblindmanc-transcript
https://frconor-ebook.github.io/meditations/homilies/the-creative-courage-of-st-joseph/,https://tinyurl.com/frcmed-tcjos-transcript
https://frconor-ebook.github.io/meditations/homilies/the-grain-of-wheat/,https://tinyurl.com/frcmed-grainofwheat-transcript
https://frconor-ebook.github.io/meditations/homilies/the-magnificat/,https://tinyurl.com/frcmed-magnificat-transcript
https://frconor-ebook.github.io/meditations/homilies/the-passion-of-st-john-the-baptist/,https://tinyurl.com/frcmed-tpostjb-transcript
https://frconor-ebook.github.io/meditations/homilies/the-pharisee-and-the-publican/,https://tinyurl.com/frcmed-thephariseea-transcript
https://frconor-ebook.github.io/meditations/homilies/the-prodigal-son/,https://tinyurl.com/frcmed-theprodigals-transcript
https://frconor-ebook.github.io/meditations/homilies/our-lady-of-ransom/,https://tinyurl.com/frcmed-olr-transcript
https://frconor-ebook.github.io/meditations/homilies/raise-the-world/,https://tinyurl.com/frcmed-rwtw-transcript
https://frconor-ebook.github.io/meditations/homilies/canonization-of-st-josemaria-escriva/,https://tinyurl.com/frcmed-canonization-transcript
https://frconor-ebook.github.io/meditations/homilies/contemplative-it-is-good-that-we-are-here/,https://tinyurl.com/frcmed-ciigtwa-transcript
https://frconor-ebook.github.io/meditations/homilies/fathers-day/,https://tinyurl.com/frcmed-fd-transcript
https://frconor-ebook.github.io/meditations/homilies/good-anger-and-bad-anger/,https://tinyurl.com/frcmed-goodandbadan-transcript
https://frconor-ebook.github.io/meditations/homilies/the-cure-of-the-possessed-boy/,https://tinyurl.com/frcmed-boywithposse-transcript
https://frconor-ebook.github.io/meditations/homilies/all-the-glory-to-god/,https://tinyurl.com/frcmed-atgg-transcript
https://frconor-ebook.github.io/meditations/homilies/apart-from-me-you-can-do-nothing/,https://tinyurl.com/frcmed-afmynothing-transcript
https://frconor-ebook.github.io/meditations/homilies/blessed-are-the-peacemakers/,https://tinyurl.com/frcmed-bepmakers-transcript
https://frconor-ebook.github.io/meditations/homilies/blessed-guadalupe-ortiz-de-landazuri/,https://tinyurl.com/frcmed-bgodel-transcript
https://frconor-ebook.github.io/meditations/homilies/blessed-alvaro-del-portillo/,https://tinyurl.com/frcmed-balvaroporti-transcript
https://frconor-ebook.github.io/meditations/homilies/childrena-gift-of-god/,https://tinyurl.com/frcmed-kidsgodgift-transcript
https://frconor-ebook.github.io/meditations/homilies/deeper-desire/,https://tinyurl.com/frcmed-dpdrdsr-transcript
https://frconor-ebook.github.io/meditations/homilies/divine-mercy-sunday/,https://tinyurl.com/frcmed-dmsunday-transcript
https://frconor-ebook.github.io/meditations/homilies/first-thoughts-and-emotions/,https://tinyurl.com/frcmed-fte-transcript
https://frconor-ebook.github.io/meditations/homilies/god-of-consolation/,https://tinyurl.com/frcmed-godconsol-transcript
https://frconor-ebook.github.io/meditations/homilies/good-friday-of-the-lords-passion/,https://tinyurl.com/frcmed-goflordspsn-transcript
https://frconor-ebook.github.io/meditations/homilies/learning-to-ask/,https://tinyurl.com/frcmed-lask-transcript
https://frconor-ebook.github.io/meditations/homilies/happy-are-the-meek/,https://tinyurl.com/frcmed-happymeek-transcript
https://frconor-ebook.github.io/meditations/homilies/holy-thursday-the-eucharist/,https://tinyurl.com/frcmed-holythursday-transcript
https://frconor-ebook.github.io/meditations/homilies/interior-struggle/,https://tinyurl.com/frcmed-innerconflic-transcript
https://frconor-ebook.github.io/meditations/homilies/joy-in-the-cross-lent/,https://tinyurl.com/frcmed-jctlent-transcript
https://frconor-ebook.github.io/meditations/homilies/lent-christs-death-on-the-cross/,https://tinyurl.com/frcmed-christsdeath-transcript
https://frconor-ebook.github.io/meditations/homilies/little-things/,https://tinyurl.com/frcmed-lilthings-transcript
https://frconor-ebook.github.io/meditations/homilies/love-for-the-church-st-pius-x/,https://tinyurl.com/frcmed-churchlovest-transcript
https://frconor-ebook.github.io/meditations/homilies/on-grace-supernatural-life-and-confession/,https://tinyurl.com/frcmed-ogsac-transcript
https://frconor-ebook.github.io/meditations/homilies/our-father-god/,https://tinyurl.com/frcmed-ofrgod-transcript
https://frconor-ebook.github.io/meditations/homilies/our-lady-of-fatima/,https://tinyurl.com/frcmed-olof-transcript
https://frconor-ebook.github.io/meditations/homilies/our-lady-of-pilar/,https://tinyurl.com/frcmed-olop-transcript
https://frconor-ebook.github.io/meditations/homilies/our-lady-comforter-of-the-afflicted/,https://tinyurl.com/frcmed-olca-transcript
https://frconor-ebook.github.io/meditations/homilies/placing-the-cross-on-the-summit-of-all-human-activities/,https://tinyurl.com/frcmed-crosssummita-transcript
https://frconor-ebook.github.io/meditations/homilies/rectitude-of-intention/,https://tinyurl.com/frcmed-roi-transcript
https://frconor-ebook.github.io/meditations/homilies/self-love-the-enemy/,https://tinyurl.com/frcmed-selfloveenem-transcript
https://frconor-ebook.github.io/meditations/homilies/st-barnabas/,https://tinyurl.com/frcmed-stbs-transcript
https://frconor-ebook.github.io/meditations/homilies/st-james/,https://tinyurl.com/frcmed-stjms-transcript
https://frconor-ebook.github.io/meditations/homilies/st-josemaria-escriva-feast-june-26th/,https://tinyurl.com/frcmed-stjosemariaf-transcript
https://frconor-ebook.github.io/meditations/homilies/st-joseph-the-worker/,https://tinyurl.com/frcmed-stjwork-transcript
https://frconor-ebook.github.io/meditations/homilies/st-philip-and-st-james/,https://tinyurl.com/frcmed-stpsjp-transcript
https://frconor-ebook.github.io/meditations/homilies/st-pius-x/,https://tinyurl.com/frcmed-stpiusx-transcript
https://frconor-ebook.github.io/meditations/homilies/st-severinus-and-unity/,https://tinyurl.com/frcmed-stsevunity-transcript
https://frconor-ebook.github.io/meditations/homilies/study/,https://tinyurl.com/frcmed-std-transcript
https://frconor-ebook.github.io/meditations/homilies/the-anniversary-of-the-election-of-don-fernando-ocariz-as-the-prelate-of/,https://tinyurl.com/frcmed-fernandosele-transcript
https://frconor-ebook.github.io/meditations/homilies/the-anniversary-of-the-establishment-of-the-prelature/,https://tinyurl.com/frcmed-prelatureest-transcript
https://frconor-ebook.github.io/meditations/homilies/the-anniversary-of-the-first-holy-communion-of-st-josemaria/,https://tinyurl.com/frcmed-stjosemarias-transcript
https://frconor-ebook.github.io/meditations/homilies/the-anniversary-of-the-first-three-priests-of-the-prelature/,https://tinyurl.com/frcmed-priestsanniv-transcript
https://frconor-ebook.github.io/meditations/homilies/the-anniversary-of-the-ordination-of-st-josemaria/,https://tinyurl.com/frcmed-stjoseordann-transcript
https://frconor-ebook.github.io/meditations/homilies/the-bent-over-woman/,https://tinyurl.com/frcmed-bentwoman-transcript
https://frconor-ebook.github.io/meditations/homilies/the-birth-of-st-john-the-baptist/,https://tinyurl.com/frcmed-stjohnsbirth-transcript
https://frconor-ebook.github.io/meditations/homilies/the-birthday-of-st-josemaria-escriva/,https://tinyurl.com/frcmed-stjosemariab-transcript
https://frconor-ebook.github.io/meditations/homilies/the-birthday-of-the-prelate-don-fernando/,https://tinyurl.com/frcmed-donfernandos-transcript
https://frconor-ebook.github.io/meditations/homilies/the-canonization-of-st-josemaria-escriva/,https://tinyurl.com/frcmed-stjosemariac-transcript
https://frconor-ebook.github.io/meditations/homilies/the-dedication-of-the-basilica-of-st-mary-major/,https://tinyurl.com/frcmed-stmarymajor-transcript
https://frconor-ebook.github.io/meditations/homilies/the-friendship-of-jesus/,https://tinyurl.com/frcmed-jesusfriends-transcript
https://frconor-ebook.github.io/meditations/homilies/the-good-samaritan/,https://tinyurl.com/frcmed-gdsam-transcript
https://frconor-ebook.github.io/meditations/homilies/the-mass-and-personal-self-surrender/,https://tinyurl.com/frcmed-masspersurre-transcript
https://frconor-ebook.github.io/meditations/homilies/the-narrow-gate/,https://tinyurl.com/frcmed-tngate-transcript
https://frconor-ebook.github.io/meditations/homilies/the-nativity-of-our-lady/,https://tinyurl.com/frcmed-nativitylady-transcript
https://frconor-ebook.github.io/meditations/homilies/the-parable-of-the-laborers-in-the-vineyard/,https://tinyurl.com/frcmed-vineyardpara-transcript
https://frconor-ebook.github.io/meditations/homilies/the-parable-of-the-rich-man-and-lazarus/,https://tinyurl.com/frcmed-richmanlazar-transcript
https://frconor-ebook.github.io/meditations/homilies/the-pool-at-bethsaida/,https://tinyurl.com/frcmed-bethsaidapoo-transcript
https://frconor-ebook.github.io/meditations/homilies/the-power-of-the-beatitudes/,https://tinyurl.com/frcmed-beatitudespo-transcript
https://frconor-ebook.github.io/meditations/homilies/the-prodigal-son-2025-edition/,https://tinyurl.com/frcmed-prodigaled-transcript
https://frconor-ebook.github.io/meditations/homilies/the-saints-day-of-the-prelate/,https://tinyurl.com/frcmed-stsprelateda-transcript
https://frconor-ebook.github.io/meditations/homilies/the-sanctification-of-calumnies/,https://tinyurl.com/frcmed-sanctcalum-transcript
https://frconor-ebook.github.io/meditations/homilies/the-truth-will-make-you-free/,https://tinyurl.com/frcmed-truthfrees-transcript
https://frconor-ebook.github.io/meditations/homilies/the-woman-with-the-issue-of-blood/,https://tinyurl.com/frcmed-bloodissuewo-transcript
https://frconor-ebook.github.io/meditations/homilies/to-serve/,https://tinyurl.com/frcmed-toservetserv-transcript
https://frconor-ebook.github.io/meditations/homilies/true-prayer/,https://tinyurl.com/frcmed-trprayer-transcript
https://frconor-ebook.github.io/meditations/homilies/useless-servants/,https://tinyurl.com/frcmed-noservs-transcript
https://frconor-ebook.github.io/meditations/homilies/watchfulness/,https://tinyurl.com/frcmed-vigilance-transcript
https://frconor-ebook.github.io/meditations/homilies/your-one-and-only-father/,https://tinyurl.com/frcmed-yoaf-transcript
